-- MySQL dump 10.13  Distrib 8.0.21, for Win64 (x86_64)
--
-- Host: localhost    Database: shop_car
-- ------------------------------------------------------
-- Server version	8.0.21

/*!40101 SET @OLD_CHARACTER_SET_CLIENT=@@CHARACTER_SET_CLIENT */;
/*!40101 SET @OLD_CHARACTER_SET_RESULTS=@@CHARACTER_SET_RESULTS */;
/*!40101 SET @OLD_COLLATION_CONNECTION=@@COLLATION_CONNECTION */;
/*!50503 SET NAMES utf8 */;
/*!40103 SET @OLD_TIME_ZONE=@@TIME_ZONE */;
/*!40103 SET TIME_ZONE='+00:00' */;
/*!40014 SET @OLD_UNIQUE_CHECKS=@@UNIQUE_CHECKS, UNIQUE_CHECKS=0 */;
/*!40014 SET @OLD_FOREIGN_KEY_CHECKS=@@FOREIGN_KEY_CHECKS, FOREIGN_KEY_CHECKS=0 */;
/*!40101 SET @OLD_SQL_MODE=@@SQL_MODE, SQL_MODE='NO_AUTO_VALUE_ON_ZERO' */;
/*!40111 SET @OLD_SQL_NOTES=@@SQL_NOTES, SQL_NOTES=0 */;

--
-- Table structure for table `customers`
--

DROP TABLE IF EXISTS `customers`;
/*!40101 SET @saved_cs_client     = @@character_set_client */;
/*!50503 SET character_set_client = utf8mb4 */;
CREATE TABLE `customers` (
  `customerNumber` int NOT NULL,
  `customerName` varchar(50) NOT NULL,
  `contactLastName` varchar(50) NOT NULL,
  `contactFirstName` varchar(50) NOT NULL,
  `phone` varchar(50) NOT NULL,
  `addressLine1` varchar(50) NOT NULL,
  `addressLine2` varchar(255) DEFAULT NULL,
  `city` varchar(50) NOT NULL,
  `state` varchar(50) NOT NULL,
  `postalCode` varchar(15) NOT NULL,
  `country` varchar(50) NOT NULL,
  `creditLimit` double DEFAULT NULL,
  `salesRepEmployeeNumber` int NOT NULL,
  PRIMARY KEY (`customerNumber`),
  KEY `salesRepEmployeeNumber` (`salesRepEmployeeNumber`),
  CONSTRAINT `customers_ibfk_1` FOREIGN KEY (`salesRepEmployeeNumber`) REFERENCES `employees` (`employeeNumber`)
) ENGINE=InnoDB DEFAULT CHARSET=utf8mb4 COLLATE=utf8mb4_0900_ai_ci;
/*!40101 SET character_set_client = @saved_cs_client */;

--
-- Dumping data for table `customers`
--

LOCK TABLES `customers` WRITE;
/*!40000 ALTER TABLE `customers` DISABLE KEYS */;
INSERT INTO `customers` VALUES (1,'Gao Do','Do','Gao','0749584857','Japan','Bao Mat','Japan','None','4+774','Viet Nam',1,100),(2,'Gao Bac','Bac','Gao','0456878225','Viet Nam','Bao Mat','Da Nang','None','+84','Quang Nam',2,101),(3,'Gao Trang','Trang','Gao','0674476229','Japan','Bao Mat','Japan','None','4+774','Hue',3,102),(4,'Gao Vang','Vang','Gao','0563848563','America','Bao Mat','New York','None','1+287','Banlades',4,103);
/*!40000 ALTER TABLE `customers` ENABLE KEYS */;
UNLOCK TABLES;

--
-- Table structure for table `employees`
--

DROP TABLE IF EXISTS `employees`;
/*!40101 SET @saved_cs_client     = @@character_set_client */;
/*!50503 SET character_set_client = utf8mb4 */;
CREATE TABLE `employees` (
  `employeeNumber` int NOT NULL,
  `lastName` varchar(50) NOT NULL,
  `firstName` varchar(50) NOT NULL,
  `email` varchar(100) NOT NULL,
  `jobTitle` varchar(50) NOT NULL,
  `reportTo` int NOT NULL,
  `officeCode` varchar(10) NOT NULL,
  PRIMARY KEY (`employeeNumber`),
  KEY `reportTo` (`reportTo`),
  KEY `officeCode` (`officeCode`),
  CONSTRAINT `employees_ibfk_1` FOREIGN KEY (`reportTo`) REFERENCES `employees` (`employeeNumber`),
  CONSTRAINT `employees_ibfk_2` FOREIGN KEY (`officeCode`) REFERENCES `offices` (`officeCode`)
) ENGINE=InnoDB DEFAULT CHARSET=utf8mb4 COLLATE=utf8mb4_0900_ai_ci;
/*!40101 SET character_set_client = @saved_cs_client */;

--
-- Dumping data for table `employees`
--

LOCK TABLES `employees` WRITE;
/*!40000 ALTER TABLE `employees` DISABLE KEYS */;
INSERT INTO `employees` VALUES (100,'suo','Ya','yasuo@yahoo.com.vn','Boss',100,'OF(DN)'),(101,'sin','Le','lesin@yahoo.com.vn','Marketing',101,'OF(H)'),(102,'yi','Master','masteryi@yahoo.com.vn','Translate',102,'OF(CL)'),(103,'ker','Fa','faker@yahoo.com.vn','Ganh Team',103,'OF(HN)');
/*!40000 ALTER TABLE `employees` ENABLE KEYS */;
UNLOCK TABLES;

--
-- Table structure for table `offices`
--

DROP TABLE IF EXISTS `offices`;
/*!40101 SET @saved_cs_client     = @@character_set_client */;
/*!50503 SET character_set_client = utf8mb4 */;
CREATE TABLE `offices` (
  `officeCode` varchar(10) NOT NULL,
  `city` varchar(50) NOT NULL,
  `phone` varchar(50) NOT NULL,
  `addressLine1` varchar(50) NOT NULL,
  `addressLine2` varchar(50) DEFAULT NULL,
  `state` varchar(50) DEFAULT NULL,
  `country` varchar(50) NOT NULL,
  `postalCode` varchar(15) NOT NULL,
  PRIMARY KEY (`officeCode`)
) ENGINE=InnoDB DEFAULT CHARSET=utf8mb4 COLLATE=utf8mb4_0900_ai_ci;
/*!40101 SET character_set_client = @saved_cs_client */;

--
-- Dumping data for table `offices`
--

LOCK TABLES `offices` WRITE;
/*!40000 ALTER TABLE `offices` DISABLE KEYS */;
INSERT INTO `offices` VALUES ('OF(CL)','Texas','9988-774-882','2/23 - Cenica','None','Califonia','America','1+907'),('OF(DN)','Da Nang','0236-777-989','08 - Dong Da','None','None','VietNam','+84'),('OF(H)','Hue','0231-435-222','12 - Tran Quoc Toan','None','None','VietNam','+84'),('OF(HN)','Ha Noi','0273-554-288','05 - Hai Ba Trung','None','None','VietNam','+84');
/*!40000 ALTER TABLE `offices` ENABLE KEYS */;
UNLOCK TABLES;

--
-- Table structure for table `orderdetails`
--

DROP TABLE IF EXISTS `orderdetails`;
/*!40101 SET @saved_cs_client     = @@character_set_client */;
/*!50503 SET character_set_client = utf8mb4 */;
CREATE TABLE `orderdetails` (
  `ordernumber` int NOT NULL,
  `productcode` varchar(15) NOT NULL,
  KEY `ordernumber` (`ordernumber`),
  KEY `productcode` (`productcode`),
  CONSTRAINT `orderdetails_ibfk_1` FOREIGN KEY (`ordernumber`) REFERENCES `orders` (`orderNumber`),
  CONSTRAINT `orderdetails_ibfk_2` FOREIGN KEY (`productcode`) REFERENCES `products` (`productCode`)
) ENGINE=InnoDB DEFAULT CHARSET=utf8mb4 COLLATE=utf8mb4_0900_ai_ci;
/*!40101 SET character_set_client = @saved_cs_client */;

--
-- Dumping data for table `orderdetails`
--

LOCK TABLES `orderdetails` WRITE;
/*!40000 ALTER TABLE `orderdetails` DISABLE KEYS */;
INSERT INTO `orderdetails` VALUES (10,'P01'),(11,'P02'),(12,'P03'),(13,'P04');
/*!40000 ALTER TABLE `orderdetails` ENABLE KEYS */;
UNLOCK TABLES;

--
-- Table structure for table `orders`
--

DROP TABLE IF EXISTS `orders`;
/*!40101 SET @saved_cs_client     = @@character_set_client */;
/*!50503 SET character_set_client = utf8mb4 */;
CREATE TABLE `orders` (
  `orderNumber` int NOT NULL,
  `orderDate` date NOT NULL,
  `requiredDate` date NOT NULL,
  `shippedDate` date NOT NULL,
  `status` varchar(15) NOT NULL,
  `comments` text,
  `quantityOrdered` int NOT NULL,
  `priceEach` double NOT NULL,
  `customerNumber` int NOT NULL,
  PRIMARY KEY (`orderNumber`),
  KEY `customerNumber` (`customerNumber`),
  CONSTRAINT `orders_ibfk_1` FOREIGN KEY (`customerNumber`) REFERENCES `customers` (`customerNumber`)
) ENGINE=InnoDB DEFAULT CHARSET=utf8mb4 COLLATE=utf8mb4_0900_ai_ci;
/*!40101 SET character_set_client = @saved_cs_client */;

--
-- Dumping data for table `orders`
--

LOCK TABLES `orders` WRITE;
/*!40000 ALTER TABLE `orders` DISABLE KEYS */;
INSERT INTO `orders` VALUES (10,'2001-01-15','2001-01-20','2001-01-19','Happy','Dong goi can than',1,1,1),(11,'2007-12-02','2001-12-05','2001-12-04','Normal','',3,4,2),(12,'2009-10-20','2009-10-25','2009-10-22','Normal','',1,5,3),(13,'2004-08-02','2004-08-04','2004-08-04','Normal','',2,2,4);
/*!40000 ALTER TABLE `orders` ENABLE KEYS */;
UNLOCK TABLES;

--
-- Table structure for table `payments`
--

DROP TABLE IF EXISTS `payments`;
/*!40101 SET @saved_cs_client     = @@character_set_client */;
/*!50503 SET character_set_client = utf8mb4 */;
CREATE TABLE `payments` (
  `customerNumber` int NOT NULL,
  `checkNumber` varchar(50) NOT NULL,
  `paymentDate` date NOT NULL,
  `amount` double DEFAULT NULL,
  KEY `customerNumber` (`customerNumber`),
  CONSTRAINT `payments_ibfk_1` FOREIGN KEY (`customerNumber`) REFERENCES `customers` (`customerNumber`)
) ENGINE=InnoDB DEFAULT CHARSET=utf8mb4 COLLATE=utf8mb4_0900_ai_ci;
/*!40101 SET character_set_client = @saved_cs_client */;

--
-- Dumping data for table `payments`
--

LOCK TABLES `payments` WRITE;
/*!40000 ALTER TABLE `payments` DISABLE KEYS */;
INSERT INTO `payments` VALUES (1,'NG105','2001-01-19',1),(2,'KY483','2001-12-04',4),(3,'YJ783','2009-10-22',5),(4,'LK120','2004-08-04',2);
/*!40000 ALTER TABLE `payments` ENABLE KEYS */;
UNLOCK TABLES;

--
-- Table structure for table `productlines`
--

DROP TABLE IF EXISTS `productlines`;
/*!40101 SET @saved_cs_client     = @@character_set_client */;
/*!50503 SET character_set_client = utf8mb4 */;
CREATE TABLE `productlines` (
  `productLine` varchar(50) NOT NULL,
  `textDescription` varchar(255) DEFAULT NULL,
  `image` varchar(255) DEFAULT NULL,
  PRIMARY KEY (`productLine`)
) ENGINE=InnoDB DEFAULT CHARSET=utf8mb4 COLLATE=utf8mb4_0900_ai_ci;
/*!40101 SET character_set_client = @saved_cs_client */;

--
-- Dumping data for table `productlines`
--

LOCK TABLES `productlines` WRITE;
/*!40000 ALTER TABLE `productlines` DISABLE KEYS */;
INSERT INTO `productlines` VALUES ('AX110','Good',''),('LJ449','Good',''),('LL445','Good',''),('TX882','Good','');
/*!40000 ALTER TABLE `productlines` ENABLE KEYS */;
UNLOCK TABLES;

--
-- Table structure for table `products`
--

DROP TABLE IF EXISTS `products`;
/*!40101 SET @saved_cs_client     = @@character_set_client */;
/*!50503 SET character_set_client = utf8mb4 */;
CREATE TABLE `products` (
  `productCode` varchar(15) NOT NULL,
  `productName` varchar(70) NOT NULL,
  `productScale` varchar(10) NOT NULL,
  `productVendor` varchar(50) NOT NULL,
  `productDescription` text NOT NULL,
  `quanityInStock` int NOT NULL,
  `buyPrice` double NOT NULL,
  `MSRP` double NOT NULL,
  `productLine` varchar(50) NOT NULL,
  PRIMARY KEY (`productCode`),
  KEY `productLine` (`productLine`),
  CONSTRAINT `products_ibfk_1` FOREIGN KEY (`productLine`) REFERENCES `productlines` (`productLine`)
) ENGINE=InnoDB DEFAULT CHARSET=utf8mb4 COLLATE=utf8mb4_0900_ai_ci;
/*!40101 SET character_set_client = @saved_cs_client */;

--
-- Dumping data for table `products`
--

LOCK TABLES `products` WRITE;
/*!40000 ALTER TABLE `products` DISABLE KEYS */;
INSERT INTO `products` VALUES ('P01','Mescedes','Big','Viet Nam','VIP',200,10,15,'TX882'),('P02','Honda','Normal','Viet Nam','Normal',100,5,7,'LJ449'),('P03','Kia','Big','Korea','Normal',20,4,6,'AX110'),('P04','Toyota','Big','Japan','VIP',50,10,15,'LL445');
/*!40000 ALTER TABLE `products` ENABLE KEYS */;
UNLOCK TABLES;
/*!40103 SET TIME_ZONE=@OLD_TIME_ZONE */;

/*!40101 SET SQL_MODE=@OLD_SQL_MODE */;
/*!40014 SET FOREIGN_KEY_CHECKS=@OLD_FOREIGN_KEY_CHECKS */;
/*!40014 SET UNIQUE_CHECKS=@OLD_UNIQUE_CHECKS */;
/*!40101 SET CHARACTER_SET_CLIENT=@OLD_CHARACTER_SET_CLIENT */;
/*!40101 SET CHARACTER_SET_RESULTS=@OLD_CHARACTER_SET_RESULTS */;
/*!40101 SET COLLATION_CONNECTION=@OLD_COLLATION_CONNECTION */;
/*!40111 SET SQL_NOTES=@OLD_SQL_NOTES */;

-- Dump completed on 2021-07-08  8:04:42
